,INDEX,Date,Id,Loc.x,Loc.y,Loc.z,Hostility,Hit,Heart Rate,Emg0,Emg1,Emg2,Emg3,Emg4,Emg5,Emg6,Emg7,Arm.Roll,Arm.Pitch,Arm.Heading,Shot,Body.Heading,Body.Roll,Body.Pitch,Head.Heading,Head.Roll,Head.Pitch
8094,61244,2018-04-21 18:04:30.081,1,390,-78,42,0,0,0.0,95.0,322.0,951.0,758.0,193.0,232.0,84.0,108,919.0,-12290.0,10796.0,0.0,292.75,-10.6875,-112.1875,292.75,-10.6875,-112.1875
8095,61245,2018-04-21 18:04:30.202,1,389,-79,31,0,0,0.0,95.0,322.0,951.0,758.0,193.0,232.0,84.0,108,919.0,-12290.0,10796.0,0.0,291.75,-10.5,-112.0,291.75,-10.5,-112.0
8096,61246,2018-04-21 18:04:30.325,1,391,-76,20,0,0,0.0,95.0,322.0,951.0,758.0,193.0,232.0,84.0,108,919.0,-12290.0,10796.0,0.0,291.8125,-10.6875,-112.625,291.8125,-10.6875,-112.625
8097,61247,2018-04-21 18:04:30.447,1,395,-73,67,0,0,0.0,95.0,322.0,951.0,758.0,193.0,232.0,84.0,108,919.0,-12290.0,10796.0,0.0,289.6875,-9.8125,-111.375,289.6875,-9.8125,-111.375
8098,61248,2018-04-21 18:04:30.570,1,388,-78,8,0,0,0.0,95.0,322.0,951.0,758.0,193.0,232.0,84.0,108,919.0,-12290.0,10796.0,0.0,288.3125,-9.9375,-111.0,288.3125,-9.9375,-111.0
8099,61249,2018-04-21 18:04:30.692,1,391,-78,50,0,0,0.0,95.0,322.0,951.0,758.0,193.0,232.0,84.0,108,919.0,-12290.0,10796.0,0.0,288.1875,-10.3125,-111.4375,288.1875,-10.3125,-111.4375
8100,61250,2018-04-21 18:04:30.814,1,388,-77,39,0,0,0.0,95.0,322.0,951.0,758.0,193.0,232.0,84.0,108,919.0,-12290.0,10796.0,0.0,288.5625,-10.3125,-111.125,288.5625,-10.3125,-111.125
8101,61251,2018-04-21 18:04:30.937,1,386,-78,34,0,0,0.0,95.0,322.0,951.0,758.0,193.0,232.0,84.0,108,919.0,-12290.0,10796.0,0.0,286.0,-9.375,-110.0,279.625,-7.75,-108.4375
8102,61252,2018-04-21 18:04:31.060,1,385,-83,36,0,0,0.0,95.0,322.0,951.0,758.0,193.0,232.0,84.0,108,919.0,-12290.0,10796.0,0.0,265.4375,-3.75,-105.5625,265.4375,-3.75,-105.5625
8103,61253,2018-04-21 18:04:31.183,1,385,-83,36,0,0,0.0,95.0,322.0,951.0,758.0,193.0,232.0,84.0,108,919.0,-12290.0,10796.0,0.0,249.6875,1.5625,-103.0625,249.6875,1.5625,-103.0625
8104,61254,2018-04-21 18:04:31.313,1,382,-85,37,0,0,0.0,95.0,322.0,951.0,758.0,193.0,232.0,84.0,108,919.0,-12290.0,10796.0,0.0,245.625,3.0,-101.875,245.625,3.0,-101.875
8105,61255,2018-04-21 18:04:31.430,1,380,-86,37,0,0,0.0,95.0,322.0,951.0,758.0,193.0,232.0,84.0,108,919.0,-12290.0,10796.0,0.0,248.5,3.5,-98.875,248.5,3.5,-98.875
8106,61256,2018-04-21 18:04:31.551,1,378,-88,36,0,0,0.0,95.0,322.0,951.0,758.0,193.0,232.0,84.0,108,919.0,-12290.0,10796.0,0.0,259.0,2.5,-95.4375,259.0,2.5,-95.4375
8107,61257,2018-04-21 18:04:31.672,1,374,-94,45,0,0,0.0,95.0,322.0,951.0,758.0,193.0,232.0,84.0,108,919.0,-12290.0,10796.0,0.0,265.4375,-0.1875,-95.125,265.4375,-0.1875,-95.125
8108,61258,2018-04-21 18:04:31.800,1,375,-93,53,0,0,0.0,95.0,322.0,951.0,758.0,193.0,232.0,84.0,108,919.0,-12290.0,10796.0,0.0,270.4375,-1.5,-96.125,270.4375,-1.5,-96.125
8109,61259,2018-04-21 18:04:31.920,1,372,-92,17,0,0,0.0,95.0,322.0,951.0,758.0,193.0,232.0,84.0,108,919.0,-12290.0,10796.0,0.0,274.6875,-2.0,-96.3125,274.6875,-2.0,-96.3125
8110,61260,2018-04-21 18:04:32.044,1,374,-92,57,0,0,0.0,95.0,322.0,951.0,758.0,193.0,232.0,84.0,108,919.0,-12290.0,10796.0,0.0,274.5625,-1.625,-95.375,274.5625,0.4375,-94.375
8111,61261,2018-04-21 18:04:32.170,1,370,-89,15,0,0,0.0,95.0,322.0,951.0,758.0,193.0,232.0,84.0,108,919.0,-12290.0,10796.0,0.0,267.5,2.75,-96.375,267.5,2.75,-96.375
8112,61262,2018-04-21 18:04:32.286,1,371,-89,57,0,0,0.0,95.0,322.0,951.0,758.0,193.0,232.0,84.0,108,919.0,-12290.0,10796.0,0.0,254.375,5.6875,-98.0625,254.375,5.6875,-98.0625
8113,61263,2018-04-21 18:04:32.410,1,364,-83,46,0,0,0.0,95.0,322.0,951.0,758.0,193.0,232.0,84.0,108,919.0,-12290.0,10796.0,0.0,244.625,8.5625,-97.25,244.625,8.5625,-97.25
8114,61264,2018-04-21 18:04:32.534,1,360,-80,35,0,0,0.0,95.0,322.0,951.0,758.0,193.0,232.0,84.0,108,919.0,-12290.0,10796.0,0.0,241.625,8.5,-96.125,240.8125,9.6875,-93.4375
8115,61265,2018-04-21 18:04:32.654,1,358,-78,41,0,0,0.0,95.0,322.0,951.0,758.0,193.0,232.0,84.0,108,919.0,-12290.0,10796.0,0.0,241.5625,10.375,-87.0625,241.5625,10.375,-87.0625
8116,61266,2018-04-21 18:04:32.775,1,355,-77,38,0,0,0.0,95.0,322.0,951.0,758.0,193.0,232.0,84.0,108,919.0,-12290.0,10796.0,0.0,243.0,10.3125,-80.5625,243.0,10.3125,-80.5625
8117,61267,2018-04-21 18:04:32.900,1,353,-76,40,0,0,0.0,95.0,322.0,951.0,758.0,193.0,232.0,84.0,108,919.0,-12290.0,10796.0,0.0,245.9375,9.75,-77.625,245.9375,9.75,-77.625
8118,61268,2018-04-21 18:04:33.020,1,347,-73,43,0,0,0.0,95.0,322.0,951.0,758.0,193.0,232.0,84.0,108,919.0,-12290.0,10796.0,0.0,247.5625,8.0625,-82.0,247.5625,8.0625,-82.0
8119,61269,2018-04-21 18:04:33.144,1,342,-70,40,0,0,0.0,95.0,322.0,951.0,758.0,193.0,232.0,84.0,108,919.0,-12290.0,10796.0,0.0,244.5,8.125,-87.0,241.3125,8.125,-87.0
8120,61270,2018-04-21 18:04:33.274,1,338,-67,44,0,0,0.0,95.0,322.0,951.0,758.0,193.0,232.0,84.0,108,919.0,-12290.0,10796.0,0.0,239.75,8.125,-86.5625,239.75,8.125,-86.5625
8121,61271,2018-04-21 18:04:33.390,1,337,-63,35,0,0,0.0,95.0,322.0,951.0,758.0,193.0,232.0,84.0,108,919.0,-12290.0,10796.0,0.0,239.0625,7.8125,-84.1875,239.0625,7.8125,-84.1875
8122,61272,2018-04-21 18:04:33.510,1,327,-58,39,0,0,0.0,95.0,322.0,951.0,758.0,193.0,232.0,84.0,108,919.0,-12290.0,10796.0,0.0,241.1875,6.375,-80.125,241.1875,6.375,-80.125
8123,61273,2018-04-21 18:04:33.630,1,322,-56,42,0,0,0.0,95.0,322.0,951.0,758.0,193.0,232.0,84.0,108,919.0,-12290.0,10796.0,0.0,243.5625,7.5,-77.25,243.5625,7.5,-77.25
8124,61274,2018-04-21 18:04:33.754,1,317,-54,41,0,0,0.0,95.0,322.0,951.0,758.0,193.0,232.0,84.0,108,919.0,-12290.0,10796.0,0.0,250.375,6.5,-74.1875,250.375,6.5,-74.1875
8125,61275,2018-04-21 18:04:33.881,1,313,-51,43,0,0,0.0,95.0,322.0,951.0,758.0,193.0,232.0,84.0,108,919.0,-12290.0,10796.0,0.0,252.4375,6.9375,-73.9375,252.4375,6.9375,-73.9375
8126,61276,2018-04-21 18:04:34.000,1,310,-49,42,0,0,0.0,95.0,322.0,951.0,758.0,193.0,232.0,84.0,108,919.0,-12290.0,10796.0,0.0,254.25,6.5,-75.375,254.25,6.5,-75.375
8127,61277,2018-04-21 18:04:34.120,1,301,-43,48,0,0,0.0,95.0,322.0,951.0,758.0,193.0,232.0,84.0,108,919.0,-12290.0,10796.0,0.0,254.0625,8.375,-76.0,254.0625,8.375,-76.0
8128,61278,2018-04-21 18:04:34.244,1,297,-41,45,0,0,0.0,95.0,322.0,951.0,758.0,193.0,232.0,84.0,108,919.0,-12290.0,10796.0,0.0,246.1875,11.25,-74.0,246.1875,11.25,-74.0
8129,61279,2018-04-21 18:04:34.364,1,294,-38,49,0,0,0.0,95.0,322.0,951.0,758.0,193.0,232.0,84.0,108,919.0,-12290.0,10796.0,0.0,243.0625,11.0,-73.6875,243.0625,11.0,-73.6875
8130,61280,2018-04-21 18:04:34.490,1,290,-34,49,0,0,0.0,95.0,322.0,951.0,758.0,193.0,232.0,84.0,108,919.0,-12290.0,10796.0,0.0,239.5625,10.9375,-74.25,239.5625,10.9375,-74.25
8131,61281,2018-04-21 18:04:34.614,1,283,-26,52,0,0,0.0,95.0,322.0,951.0,758.0,193.0,232.0,84.0,108,919.0,-12290.0,10796.0,0.0,237.75,10.8125,-75.4375,237.75,10.8125,-75.4375
8132,61282,2018-04-21 18:04:34.734,1,280,-22,53,0,0,0.0,95.0,322.0,951.0,758.0,193.0,232.0,84.0,108,919.0,-12290.0,10796.0,0.0,237.5,11.25,-75.375,237.5,11.25,-75.375
8133,61283,2018-04-21 18:04:34.851,1,276,-19,56,0,0,0.0,95.0,322.0,951.0,758.0,193.0,232.0,84.0,108,919.0,-12290.0,10796.0,0.0,246.1875,12.0625,-75.375,246.1875,12.0625,-75.375
8134,61284,2018-04-21 18:04:34.980,1,273,-16,58,0,0,0.0,95.0,322.0,951.0,758.0,193.0,232.0,84.0,108,919.0,-12290.0,10796.0,0.0,251.9375,11.0625,-76.375,251.9375,11.0625,-76.375
8135,61285,2018-04-21 18:04:35.100,1,270,-8,61,0,0,0.0,95.0,322.0,951.0,758.0,193.0,232.0,84.0,108,919.0,-12290.0,10796.0,0.0,254.75,11.625,-76.0,254.75,11.625,-76.0
8136,61286,2018-04-21 18:04:35.221,1,269,-4,67,0,0,0.0,95.0,322.0,951.0,758.0,193.0,232.0,84.0,108,919.0,-12290.0,10796.0,0.0,256.875,12.125,-75.0,260.875,11.8125,-75.0625
8137,61287,2018-04-21 18:04:35.344,1,269,0,70,0,0,0.0,95.0,322.0,951.0,758.0,193.0,232.0,84.0,108,919.0,-12290.0,10796.0,0.0,263.0625,10.8125,-73.6875,263.0625,10.8125,-73.6875
8138,61288,2018-04-21 18:04:35.464,1,269,5,84,0,0,0.0,95.0,322.0,951.0,758.0,193.0,232.0,84.0,108,919.0,-12290.0,10796.0,0.0,265.375,9.0,-71.1875,265.375,9.0,-71.1875
8139,61289,2018-04-21 18:04:35.589,1,271,17,118,0,0,0.0,95.0,322.0,951.0,758.0,193.0,232.0,84.0,108,919.0,-12290.0,10796.0,0.0,265.375,10.875,-73.3125,265.375,10.875,-73.3125
8140,61290,2018-04-21 18:04:35.710,1,270,23,123,0,0,0.0,95.0,322.0,951.0,758.0,193.0,232.0,84.0,108,919.0,-12290.0,10796.0,0.0,267.4375,10.625,-76.5625,270.1875,10.625,-76.5625
8141,61291,2018-04-21 18:04:35.830,1,269,29,129,0,0,0.0,95.0,322.0,951.0,758.0,193.0,232.0,84.0,108,919.0,-12290.0,10796.0,0.0,273.75,11.375,-79.5,273.75,11.375,-79.5
8142,61292,2018-04-21 18:04:35.954,1,270,36,133,0,0,0.0,95.0,322.0,951.0,758.0,193.0,232.0,84.0,108,919.0,-12290.0,10796.0,0.0,274.25,11.875,-77.1875,274.25,11.875,-77.1875
8143,61293,2018-04-21 18:04:36.084,1,271,48,140,0,0,0.0,95.0,322.0,951.0,758.0,193.0,232.0,84.0,108,919.0,-12290.0,10796.0,0.0,272.75,12.375,-77.0,272.75,12.375,-77.0
8144,61294,2018-04-21 18:04:36.200,1,272,55,141,0,0,0.0,95.0,322.0,951.0,758.0,193.0,232.0,84.0,108,919.0,-12290.0,10796.0,0.0,272.125,12.0,-77.4375,272.125,12.0,-77.4375
8145,61295,2018-04-21 18:04:36.320,1,274,62,143,0,0,0.0,95.0,322.0,951.0,758.0,193.0,232.0,84.0,108,919.0,-12290.0,10796.0,0.0,270.1875,12.0,-76.375,271.4375,9.3125,-74.8125
8146,61296,2018-04-21 18:04:36.444,1,275,69,146,0,0,0.0,95.0,322.0,951.0,758.0,193.0,232.0,84.0,108,919.0,-12290.0,10796.0,0.0,271.625,10.25,-76.5,271.625,10.25,-76.5
8147,61297,2018-04-21 18:04:36.564,1,277,76,146,0,0,0.0,95.0,322.0,951.0,758.0,193.0,232.0,84.0,108,919.0,-12290.0,10796.0,0.0,271.3125,11.3125,-77.6875,271.3125,11.3125,-77.6875
8148,61298,2018-04-21 18:04:36.686,1,283,86,151,0,0,0.0,95.0,322.0,951.0,758.0,193.0,232.0,84.0,108,919.0,-12290.0,10796.0,0.0,272.1875,11.875,-76.9375,272.1875,11.875,-76.9375
8149,61299,2018-04-21 18:04:36.810,1,284,94,152,0,0,0.0,95.0,322.0,951.0,758.0,193.0,232.0,84.0,108,919.0,-12290.0,10796.0,0.0,275.9375,10.25,-76.6875,275.9375,10.25,-76.6875
8150,61300,2018-04-21 18:04:36.933,1,285,101,153,0,0,0.0,95.0,322.0,951.0,758.0,193.0,232.0,84.0,108,919.0,-12290.0,10796.0,0.0,278.4375,8.5,-77.6875,278.4375,8.5,-77.6875
8151,61301,2018-04-21 18:04:37.064,1,287,107,153,0,0,0.0,95.0,322.0,951.0,758.0,193.0,232.0,84.0,108,919.0,-12290.0,10796.0,0.0,276.9375,8.125,-75.8125,276.9375,8.125,-75.8125
8152,61302,2018-04-21 18:04:37.184,1,289,113,155,0,0,0.0,95.0,322.0,951.0,758.0,193.0,232.0,84.0,108,919.0,-12290.0,10796.0,0.0,273.875,7.6875,-74.125,273.875,7.6875,-74.125
8153,61303,2018-04-21 18:04:37.304,1,292,126,157,0,0,0.0,95.0,322.0,951.0,758.0,193.0,232.0,84.0,108,919.0,-12290.0,10796.0,0.0,270.6875,7.75,-74.125,270.6875,7.75,-74.125
8154,61304,2018-04-21 18:04:37.431,1,292,132,158,0,0,0.0,95.0,322.0,951.0,758.0,193.0,232.0,84.0,108,919.0,-12290.0,10796.0,0.0,269.0,8.75,-74.0625,273.0,7.3125,-74.0625
8155,61305,2018-04-21 18:04:37.550,1,293,139,159,0,0,0.0,95.0,322.0,951.0,758.0,193.0,232.0,84.0,108,919.0,-12290.0,10796.0,0.0,275.8125,6.75,-74.6875,275.8125,6.75,-74.6875
8156,61306,2018-04-21 18:04:37.673,1,292,145,159,0,0,0.0,95.0,322.0,951.0,758.0,193.0,232.0,84.0,108,919.0,-12290.0,10796.0,0.0,276.875,6.875,-74.375,276.875,6.875,-74.375
8157,61307,2018-04-21 18:04:37.800,1,291,158,161,0,0,0.0,95.0,322.0,951.0,758.0,193.0,232.0,84.0,108,919.0,-12290.0,10796.0,0.0,279.9375,4.5,-73.0625,279.9375,4.5,-73.0625
8158,61308,2018-04-21 18:04:37.920,1,290,164,162,0,0,0.0,95.0,322.0,951.0,758.0,193.0,232.0,84.0,108,919.0,-12290.0,10796.0,0.0,278.5,4.1875,-74.4375,278.5,4.1875,-74.4375
8159,61309,2018-04-21 18:04:38.040,1,289,169,162,0,0,0.0,95.0,322.0,951.0,758.0,193.0,232.0,84.0,108,919.0,-12290.0,10796.0,0.0,276.0,3.4375,-73.8125,276.0,3.4375,-73.8125
8160,61310,2018-04-21 18:04:38.165,1,288,176,165,0,0,0.0,95.0,322.0,951.0,758.0,193.0,232.0,84.0,108,919.0,-12290.0,10796.0,0.0,272.875,3.25,-73.375,272.875,3.25,-73.375
8161,61311,2018-04-21 18:04:38.321,1,284,184,171,0,0,0.0,95.0,322.0,951.0,758.0,193.0,232.0,84.0,108,919.0,-12290.0,10796.0,0.0,268.25,1.8125,-74.375,268.25,1.8125,-74.375
8162,61312,2018-04-21 18:04:38.434,1,280,188,169,0,0,0.0,95.0,322.0,951.0,758.0,193.0,232.0,84.0,108,919.0,-12290.0,10796.0,0.0,265.5625,1.3125,-75.6875,265.5625,1.3125,-75.6875
8163,61313,2018-04-21 18:04:38.570,1,276,194,169,0,0,0.0,95.0,322.0,951.0,758.0,193.0,232.0,84.0,108,919.0,-12290.0,10796.0,0.0,260.1875,2.75,-75.8125,260.1875,2.75,-75.8125
8164,61314,2018-04-21 18:04:38.702,1,273,202,168,0,0,0.0,95.0,322.0,951.0,758.0,193.0,232.0,84.0,108,919.0,-12290.0,10796.0,0.0,262.0625,2.0,-76.9375,262.0625,2.0,-76.9375
8165,61315,2018-04-21 18:04:38.834,1,267,205,171,0,0,0.0,95.0,322.0,951.0,758.0,193.0,232.0,84.0,108,919.0,-12290.0,10796.0,0.0,261.3125,4.25,-76.75,261.3125,4.25,-76.75
8166,61316,2018-04-21 18:04:38.925,1,258,212,172,0,0,0.0,95.0,322.0,951.0,758.0,193.0,232.0,84.0,108,919.0,-12290.0,10796.0,0.0,262.9375,4.75,-77.875,262.9375,4.75,-77.875
8167,61317,2018-04-21 18:04:39.001,1,254,216,172,0,0,0.0,95.0,322.0,951.0,758.0,193.0,232.0,84.0,108,919.0,-12290.0,10796.0,0.0,263.75,4.0625,-76.0,261.0,4.875,-76.25
8168,61318,2018-04-21 18:04:39.119,1,249,220,173,0,0,0.0,95.0,322.0,951.0,758.0,193.0,232.0,84.0,108,919.0,-12290.0,10796.0,0.0,261.0625,3.5,-77.0625,261.0625,3.5,-77.0625
8169,61319,2018-04-21 18:04:39.237,1,243,224,174,0,0,0.0,95.0,322.0,951.0,758.0,193.0,232.0,84.0,108,919.0,-12290.0,10796.0,0.0,258.0,3.4375,-75.75,258.0,3.4375,-75.75
8170,61320,2018-04-21 18:04:39.355,1,238,228,174,0,0,0.0,95.0,322.0,951.0,758.0,193.0,232.0,84.0,108,919.0,-12290.0,10796.0,0.0,254.4375,5.375,-75.8125,254.4375,5.375,-75.8125
8171,61321,2018-04-21 18:04:39.475,1,225,236,175,0,0,0.0,95.0,322.0,951.0,758.0,193.0,232.0,84.0,108,919.0,-12290.0,10796.0,0.0,254.8125,5.25,-75.0625,254.8125,5.25,-75.0625
8172,61322,2018-04-21 18:04:39.593,1,218,241,177,0,0,0.0,95.0,322.0,951.0,758.0,193.0,232.0,84.0,108,919.0,-12290.0,10796.0,0.0,255.1875,6.125,-74.75,255.1875,6.125,-74.75
8173,61323,2018-04-21 18:04:39.711,1,214,247,174,0,0,0.0,95.0,322.0,951.0,758.0,193.0,232.0,84.0,108,919.0,-12290.0,10796.0,0.0,252.9375,7.25,-75.8125,252.9375,7.25,-75.8125
8174,61324,2018-04-21 18:04:39.829,1,211,253,170,0,0,0.0,95.0,322.0,951.0,758.0,193.0,232.0,84.0,108,919.0,-12290.0,10796.0,0.0,252.5625,7.4375,-75.375,252.5625,7.4375,-75.375
8175,61325,2018-04-21 18:04:39.947,1,203,254,173,0,0,0.0,95.0,322.0,951.0,758.0,193.0,232.0,84.0,108,919.0,-12290.0,10796.0,0.0,253.8125,6.1875,-75.375,253.8125,6.1875,-75.375
8176,61326,2018-04-21 18:04:40.067,1,189,258,175,0,0,0.0,95.0,322.0,951.0,758.0,193.0,232.0,84.0,108,919.0,-12290.0,10796.0,0.0,256.0,4.125,-75.6875,256.0,4.125,-75.6875
8177,61327,2018-04-21 18:04:40.186,1,183,261,176,0,0,0.0,95.0,322.0,951.0,758.0,193.0,232.0,84.0,108,919.0,-12290.0,10796.0,0.0,256.375,4.375,-74.8125,256.375,4.375,-74.8125
8178,61328,2018-04-21 18:04:40.307,1,178,264,177,0,0,0.0,95.0,322.0,951.0,758.0,193.0,232.0,84.0,108,919.0,-12290.0,10796.0,0.0,259.1875,5.375,-71.875,259.1875,6.4375,-71.875
8179,61329,2018-04-21 18:04:40.426,1,170,269,181,0,0,0.0,95.0,322.0,951.0,758.0,193.0,232.0,84.0,108,919.0,-12290.0,10796.0,0.0,265.5,4.4375,-70.4375,265.5,4.4375,-70.4375
8180,1433,2018-04-21 18:04:40.436,101,180,420,36,1,0,,,,,,,,,,,,,,,,,,,
8181,61330,2018-04-21 18:04:40.543,1,167,271,181,0,0,0.0,95.0,322.0,951.0,758.0,193.0,232.0,84.0,108,919.0,-12290.0,10796.0,0.0,271.5,2.375,-70.1875,271.5,2.375,-70.1875
8182,61331,2018-04-21 18:04:40.664,1,163,274,181,0,0,0.0,95.0,322.0,951.0,758.0,193.0,232.0,84.0,108,919.0,-12290.0,10796.0,0.0,271.875,3.9375,-70.4375,271.875,3.9375,-70.4375
8183,61332,2018-04-21 18:04:40.786,1,159,281,181,0,0,0.0,95.0,322.0,951.0,758.0,193.0,232.0,84.0,108,919.0,-12290.0,10796.0,0.0,271.5625,4.9375,-70.75,271.5625,4.9375,-70.75
8184,61333,2018-04-21 18:04:40.902,1,156,285,180,0,0,0.0,95.0,322.0,951.0,758.0,193.0,232.0,84.0,108,919.0,-12290.0,10796.0,0.0,275.5625,2.9375,-70.9375,275.5625,3.75,-72.4375
8185,61334,2018-04-21 18:04:41.020,1,154,288,179,0,0,0.0,95.0,322.0,951.0,758.0,193.0,232.0,84.0,108,919.0,-12290.0,10796.0,0.0,276.875,2.875,-72.6875,276.875,2.875,-72.6875
8186,61335,2018-04-21 18:04:41.139,1,152,292,178,0,0,0.0,95.0,322.0,951.0,758.0,193.0,232.0,84.0,108,919.0,-12290.0,10796.0,0.0,279.1875,2.25,-72.3125,279.1875,2.25,-72.3125
8187,61336,2018-04-21 18:04:41.257,1,150,294,178,0,0,0.0,95.0,322.0,951.0,758.0,193.0,232.0,84.0,108,919.0,-12290.0,10796.0,0.0,281.0,2.5,-72.375,281.0,2.5,-72.375
8188,61337,2018-04-21 18:04:41.374,1,147,300,176,0,0,0.0,95.0,322.0,951.0,758.0,193.0,232.0,84.0,108,919.0,-12290.0,10796.0,0.0,281.625,3.6875,-71.9375,281.625,3.6875,-71.9375
8189,61338,2018-04-21 18:04:41.493,1,146,302,176,0,0,0.0,95.0,322.0,951.0,758.0,193.0,232.0,84.0,108,919.0,-12290.0,10796.0,0.0,285.0,3.5,-68.875,285.0,3.5,-68.875
8190,61339,2018-04-21 18:04:41.612,1,145,305,175,0,0,0.0,95.0,322.0,951.0,758.0,193.0,232.0,84.0,108,919.0,-12290.0,10796.0,0.0,284.5,5.0625,-70.6875,284.5,5.0625,-70.6875
8191,61340,2018-04-21 18:04:41.730,1,144,307,175,0,0,0.0,95.0,322.0,951.0,758.0,193.0,232.0,84.0,108,919.0,-12290.0,10796.0,0.0,286.125,4.0625,-71.875,286.125,4.0625,-71.875
8192,61341,2018-04-21 18:04:41.848,1,142,308,173,0,0,0.0,95.0,322.0,951.0,758.0,193.0,232.0,84.0,108,919.0,-12290.0,10796.0,0.0,284.8125,6.9375,-72.8125,284.8125,6.9375,-72.8125
8193,61342,2018-04-21 18:04:41.969,1,144,310,175,0,0,0.0,95.0,322.0,951.0,758.0,193.0,232.0,84.0,108,919.0,-12290.0,10796.0,0.0,287.625,7.6875,-76.8125,287.625,7.6875,-76.8125
8194,61343,2018-04-21 18:04:42.087,1,144,313,174,0,0,0.0,95.0,322.0,951.0,758.0,193.0,232.0,84.0,108,919.0,-12290.0,10796.0,0.0,289.1875,6.625,-74.625,289.1875,6.625,-74.625
8195,61344,2018-04-21 18:04:42.206,1,144,316,174,0,0,0.0,95.0,322.0,951.0,758.0,193.0,232.0,84.0,108,919.0,-12290.0,10796.0,1.0,287.5625,7.25,-73.9375,287.5625,7.25,-73.9375
8196,1434,2018-04-21 18:04:42.265,101,180,420,36,0,1,,,,,,,,,,,,,,,,,,,
8197,61345,2018-04-21 18:04:42.324,1,140,323,176,0,0,0.0,95.0,322.0,951.0,758.0,193.0,232.0,84.0,108,919.0,-12290.0,10796.0,0.0,287.125,7.1875,-73.4375,287.125,7.1875,-73.4375
8198,61346,2018-04-21 18:04:42.444,1,139,326,175,0,0,0.0,95.0,322.0,951.0,758.0,193.0,232.0,84.0,108,919.0,-12290.0,10796.0,0.0,288.6875,6.0,-74.375,288.6875,6.0,-74.375
8199,61347,2018-04-21 18:04:42.563,1,139,329,174,0,0,0.0,95.0,322.0,951.0,758.0,193.0,232.0,84.0,108,919.0,-12290.0,10796.0,0.0,293.4375,3.9375,-76.3125,293.4375,3.9375,-76.3125
8200,61348,2018-04-21 18:04:42.681,1,137,332,173,0,0,0.0,95.0,322.0,951.0,758.0,193.0,232.0,84.0,108,919.0,-12290.0,10796.0,0.0,294.875,4.0625,-76.0,294.875,4.0625,-76.0
8201,61349,2018-04-21 18:04:42.799,1,139,335,173,0,0,0.0,95.0,322.0,951.0,758.0,193.0,232.0,84.0,108,919.0,-12290.0,10796.0,0.0,295.125,4.125,-76.0,295.125,4.125,-76.0
8202,61350,2018-04-21 18:04:42.921,1,132,342,173,0,0,0.0,95.0,322.0,951.0,758.0,193.0,232.0,84.0,108,919.0,-12290.0,10796.0,0.0,297.0,2.9375,-76.25,297.0,2.9375,-76.25
8203,61351,2018-04-21 18:04:43.038,1,129,340,170,0,0,0.0,95.0,322.0,951.0,758.0,193.0,232.0,84.0,108,919.0,-12290.0,10796.0,0.0,297.1875,3.5,-74.0625,297.1875,3.5,-74.0625
8204,61352,2018-04-21 18:04:43.155,1,129,342,170,0,0,0.0,95.0,322.0,951.0,758.0,193.0,232.0,84.0,108,919.0,-12290.0,10796.0,0.0,299.9375,1.0,-73.75,299.9375,1.0,-73.75
8205,61353,2018-04-21 18:04:43.274,1,131,348,169,0,0,0.0,95.0,322.0,951.0,758.0,193.0,232.0,84.0,108,919.0,-12290.0,10796.0,0.0,299.4375,1.625,-73.5,299.4375,1.625,-73.5
8206,61354,2018-04-21 18:04:43.396,1,130,351,169,0,0,0.0,95.0,322.0,951.0,758.0,193.0,232.0,84.0,108,919.0,-12290.0,10796.0,0.0,297.9375,3.875,-75.625,297.9375,3.875,-75.625
8207,61355,2018-04-21 18:04:43.514,1,128,352,169,0,0,0.0,95.0,322.0,951.0,758.0,193.0,232.0,84.0,108,919.0,-12290.0,10796.0,0.0,294.6875,3.5,-74.3125,294.6875,3.5,-74.3125
8208,61356,2018-04-21 18:04:43.634,1,126,355,167,0,0,0.0,95.0,322.0,951.0,758.0,193.0,232.0,84.0,108,919.0,-12290.0,10796.0,0.0,290.5625,6.3125,-73.75,290.5625,6.3125,-73.75
8209,61357,2018-04-21 18:04:43.751,1,124,358,166,0,0,0.0,95.0,322.0,951.0,758.0,193.0,232.0,84.0,108,919.0,-12290.0,10796.0,0.0,293.625,5.4375,-72.875,293.625,5.4375,-72.875
8210,61358,2018-04-21 18:04:43.870,1,122,360,165,0,0,0.0,95.0,322.0,951.0,758.0,193.0,232.0,84.0,108,919.0,-12290.0,10796.0,0.0,304.0,1.8125,-73.0625,304.0,1.8125,-73.0625
8211,61359,2018-04-21 18:04:43.990,1,122,366,161,0,0,0.0,95.0,322.0,951.0,758.0,193.0,232.0,84.0,108,919.0,-12290.0,10796.0,0.0,313.1875,3.375,-74.625,313.1875,3.375,-74.625
8212,61360,2018-04-21 18:04:44.109,1,123,367,161,0,0,0.0,95.0,322.0,951.0,758.0,193.0,232.0,84.0,108,919.0,-12290.0,10796.0,0.0,318.75,5.0,-77.9375,318.75,5.0,-77.9375
8213,61361,2018-04-21 18:04:44.231,1,125,366,161,0,0,0.0,95.0,322.0,951.0,758.0,193.0,232.0,84.0,108,919.0,-12290.0,10796.0,0.0,324.0625,6.875,-76.6875,324.0625,6.875,-76.6875
8214,61362,2018-04-21 18:04:44.351,1,127,369,166,0,0,0.0,95.0,322.0,951.0,758.0,193.0,232.0,84.0,108,919.0,-12290.0,10796.0,0.0,324.375,7.0,-76.125,324.375,7.0,-76.125
8215,61363,2018-04-21 18:04:44.470,1,133,366,165,0,0,0.0,95.0,322.0,951.0,758.0,193.0,232.0,84.0,108,919.0,-12290.0,10796.0,0.0,320.8125,8.75,-75.375,320.8125,8.75,-75.375
8216,61364,2018-04-21 18:04:44.584,1,146,363,166,0,0,0.0,95.0,322.0,951.0,758.0,193.0,232.0,84.0,108,919.0,-12290.0,10796.0,0.0,319.875,8.5625,-75.0,319.875,8.5625,-75.0
8217,61365,2018-04-21 18:04:44.704,1,153,362,167,0,0,0.0,95.0,322.0,951.0,758.0,193.0,232.0,84.0,108,919.0,-12290.0,10796.0,0.0,319.625,8.75,-75.5,319.625,8.75,-75.5
8218,61366,2018-04-21 18:04:44.825,1,160,362,167,0,0,0.0,95.0,322.0,951.0,758.0,193.0,232.0,84.0,108,919.0,-12290.0,10796.0,0.0,326.9375,3.4375,-75.75,326.9375,3.4375,-75.75
8219,61367,2018-04-21 18:04:44.940,1,167,363,168,0,0,0.0,95.0,322.0,951.0,758.0,193.0,232.0,84.0,108,919.0,-12290.0,10796.0,0.0,324.25,6.625,-76.9375,324.25,6.625,-76.9375
8220,61368,2018-04-21 18:04:45.064,1,174,364,168,0,0,0.0,95.0,322.0,951.0,758.0,193.0,232.0,84.0,108,919.0,-12290.0,10796.0,0.0,325.75,5.0,-76.75,325.75,5.0,-76.75
8221,61369,2018-04-21 18:04:45.180,1,181,366,168,0,0,0.0,95.0,322.0,951.0,758.0,193.0,232.0,84.0,108,919.0,-12290.0,10796.0,0.0,324.0625,5.375,-75.4375,324.0625,5.375,-75.4375
8222,61370,2018-04-21 18:04:45.299,1,194,369,169,0,0,0.0,95.0,322.0,951.0,758.0,193.0,232.0,84.0,108,919.0,-12290.0,10796.0,0.0,324.1875,5.5625,-76.6875,324.1875,5.5625,-76.6875
8223,61371,2018-04-21 18:04:45.420,1,201,370,169,0,0,0.0,95.0,322.0,951.0,758.0,193.0,232.0,84.0,108,919.0,-12290.0,10796.0,0.0,322.4375,5.0,-76.875,322.4375,5.0,-76.875
8224,61372,2018-04-21 18:04:45.534,1,207,372,170,0,0,0.0,95.0,322.0,951.0,758.0,193.0,232.0,84.0,108,919.0,-12290.0,10796.0,0.0,318.5625,7.75,-76.625,318.5625,7.75,-76.625
8225,61373,2018-04-21 18:04:45.653,1,214,374,170,0,0,0.0,95.0,322.0,951.0,758.0,193.0,232.0,84.0,108,919.0,-12290.0,10796.0,0.0,321.5,5.75,-75.375,321.5,5.75,-75.375
8226,61374,2018-04-21 18:04:45.770,1,219,378,170,0,0,0.0,95.0,322.0,951.0,758.0,193.0,232.0,84.0,108,919.0,-12290.0,10796.0,0.0,321.9375,7.6875,-76.0,321.9375,7.6875,-76.0
8227,61375,2018-04-21 18:04:45.890,1,225,380,170,0,0,0.0,95.0,322.0,951.0,758.0,193.0,232.0,84.0,108,919.0,-12290.0,10796.0,0.0,326.0625,4.25,-76.625,326.0625,4.25,-76.625
8228,61376,2018-04-21 18:04:46.009,1,235,386,169,0,0,0.0,95.0,322.0,951.0,758.0,193.0,232.0,84.0,108,919.0,-12290.0,10796.0,0.0,324.1875,4.3125,-77.6875,324.1875,4.3125,-77.6875
8229,61377,2018-04-21 18:04:46.130,1,240,389,169,0,0,0.0,95.0,322.0,951.0,758.0,193.0,232.0,84.0,108,919.0,-12290.0,10796.0,0.0,321.1875,6.3125,-77.1875,322.0,5.875,-76.4375
8230,61378,2018-04-21 18:04:46.250,1,245,392,168,0,0,0.0,95.0,322.0,951.0,758.0,193.0,232.0,84.0,108,919.0,-12290.0,10796.0,0.0,321.0,7.5625,-78.125,321.0,7.5625,-78.125
8231,61379,2018-04-21 18:04:46.364,1,250,394,168,0,0,0.0,95.0,322.0,951.0,758.0,193.0,232.0,84.0,108,919.0,-12290.0,10796.0,0.0,323.0625,2.0625,-78.125,323.0625,2.0625,-78.125
8232,61380,2018-04-21 18:04:46.489,1,255,397,168,0,0,0.0,95.0,322.0,951.0,758.0,193.0,232.0,84.0,108,919.0,-12290.0,10796.0,0.0,317.75,6.5625,-79.375,317.75,6.5625,-79.375
8233,61381,2018-04-21 18:04:46.604,1,265,402,166,0,0,0.0,95.0,322.0,951.0,758.0,193.0,232.0,84.0,108,919.0,-12290.0,10796.0,0.0,319.6875,3.375,-76.25,319.6875,3.375,-76.25
8234,61382,2018-04-21 18:04:46.723,1,269,404,166,0,0,0.0,95.0,322.0,951.0,758.0,193.0,232.0,84.0,108,919.0,-12290.0,10796.0,0.0,318.5,6.1875,-75.3125,318.5,6.1875,-75.3125
8235,61383,2018-04-21 18:04:46.840,1,273,406,165,0,0,0.0,95.0,322.0,951.0,758.0,193.0,232.0,84.0,108,919.0,-12290.0,10796.0,0.0,323.5,4.8125,-72.375,323.5,4.8125,-72.375
8236,61384,2018-04-21 18:04:46.960,1,277,408,164,0,0,0.0,95.0,322.0,951.0,758.0,193.0,232.0,84.0,108,919.0,-12290.0,10796.0,0.0,323.375,5.875,-72.75,323.375,5.875,-72.75
8237,61385,2018-04-21 18:04:47.080,1,281,410,162,0,0,0.0,95.0,322.0,951.0,758.0,193.0,232.0,84.0,108,919.0,-12290.0,10796.0,0.0,325.0,7.4375,-74.25,325.0,7.4375,-74.25
8238,61386,2018-04-21 18:04:47.200,1,285,412,163,0,0,0.0,95.0,322.0,951.0,758.0,193.0,232.0,84.0,108,919.0,-12290.0,10796.0,0.0,328.375,9.25,-78.4375,328.375,9.25,-78.4375
8239,61387,2018-04-21 18:04:47.319,1,293,414,170,0,0,0.0,95.0,322.0,951.0,758.0,193.0,232.0,84.0,108,919.0,-12290.0,10796.0,0.0,336.0,10.375,-82.1875,336.0,10.375,-82.1875
8240,61388,2018-04-21 18:04:47.440,1,298,413,171,0,0,0.0,95.0,322.0,951.0,758.0,193.0,232.0,84.0,108,919.0,-12290.0,10796.0,0.0,349.875,8.5625,-89.8125,355.0625,10.3125,-101.0
8241,61389,2018-04-21 18:04:47.561,1,303,412,174,0,0,0.0,95.0,322.0,951.0,758.0,193.0,232.0,84.0,108,919.0,-12290.0,10796.0,0.0,356.25,11.9375,-103.0625,356.25,11.9375,-103.0625
8242,61390,2018-04-21 18:04:47.670,1,309,408,175,0,0,0.0,95.0,322.0,951.0,758.0,193.0,232.0,84.0,108,919.0,-12290.0,10796.0,0.0,356.75,14.1875,-101.5625,356.75,14.1875,-101.5625
8243,61391,2018-04-21 18:04:47.791,1,319,404,172,0,0,0.0,95.0,322.0,951.0,758.0,193.0,232.0,84.0,108,919.0,-12290.0,10796.0,0.0,355.6875,16.6875,-99.875,355.6875,16.6875,-99.875
8244,61392,2018-04-21 18:04:47.910,1,321,403,169,0,0,0.0,95.0,322.0,951.0,758.0,193.0,232.0,84.0,108,919.0,-12290.0,10796.0,0.0,6.0,13.625,-96.875,6.0,13.625,-96.875
8245,61393,2018-04-21 18:04:48.034,1,324,400,168,0,0,0.0,95.0,322.0,951.0,758.0,193.0,232.0,84.0,108,919.0,-12290.0,10796.0,0.0,53.3125,8.8125,-98.0625,53.3125,6.25,-97.375
8246,61394,2018-04-21 18:04:48.151,1,326,396,166,0,0,0.0,95.0,322.0,951.0,758.0,193.0,232.0,84.0,108,919.0,-12290.0,10796.0,0.0,72.75,3.5,-96.0,72.75,3.5,-96.0
8247,61395,2018-04-21 18:04:48.270,1,329,390,165,0,0,0.0,95.0,322.0,951.0,758.0,193.0,232.0,84.0,108,919.0,-12290.0,10796.0,0.0,80.875,3.0625,-93.125,80.875,3.0625,-93.125
8248,61396,2018-04-21 18:04:48.390,1,331,382,168,0,0,0.0,95.0,322.0,951.0,758.0,193.0,232.0,84.0,108,919.0,-12290.0,10796.0,0.0,84.9375,3.375,-88.5625,84.9375,3.375,-88.5625
8249,61397,2018-04-21 18:04:48.511,1,333,374,167,0,0,0.0,95.0,322.0,951.0,758.0,193.0,232.0,84.0,108,919.0,-12290.0,10796.0,0.0,85.875,5.375,-87.8125,85.875,5.375,-87.8125
8250,61398,2018-04-21 18:04:48.624,1,335,367,167,0,0,0.0,95.0,322.0,951.0,758.0,193.0,232.0,84.0,108,919.0,-12290.0,10796.0,0.0,95.6875,5.625,-90.1875,95.6875,5.625,-90.1875
8251,61399,2018-04-21 18:04:48.744,1,333,362,170,0,0,0.0,95.0,322.0,951.0,758.0,193.0,232.0,84.0,108,919.0,-12290.0,10796.0,0.0,98.0625,6.125,-89.6875,98.0625,6.125,-89.6875
8252,61400,2018-04-21 18:04:48.864,1,335,355,169,0,0,0.0,95.0,322.0,951.0,758.0,193.0,232.0,84.0,108,919.0,-12290.0,10796.0,0.0,96.8125,7.0625,-89.9375,96.8125,7.0625,-89.9375
8253,61401,2018-04-21 18:04:48.981,1,338,340,169,0,0,0.0,95.0,322.0,951.0,758.0,193.0,232.0,84.0,108,919.0,-12290.0,10796.0,0.0,98.1875,7.4375,-91.4375,98.1875,7.4375,-91.4375
8254,61402,2018-04-21 18:04:49.100,1,336,331,169,0,0,0.0,95.0,322.0,951.0,758.0,193.0,232.0,84.0,108,919.0,-12290.0,10796.0,0.0,100.3125,8.1875,-95.125,100.3125,8.1875,-95.125
8255,61403,2018-04-21 18:04:49.220,1,336,321,169,0,0,0.0,95.0,322.0,951.0,758.0,193.0,232.0,84.0,108,919.0,-12290.0,10796.0,0.0,105.4375,11.5,-100.1875,105.4375,11.5,-100.1875
8256,61404,2018-04-21 18:04:49.340,1,332,316,169,0,0,0.0,95.0,322.0,951.0,758.0,193.0,232.0,84.0,108,919.0,-12290.0,10796.0,0.0,109.0,11.0,-99.875,109.0,11.0,-99.875
8257,61405,2018-04-21 18:04:49.463,1,325,310,169,0,0,0.0,95.0,322.0,951.0,758.0,193.0,232.0,84.0,108,919.0,-12290.0,10796.0,0.0,107.0,15.6875,-101.625,107.0,15.6875,-101.625
8258,61406,2018-04-21 18:04:49.574,1,323,304,171,0,0,0.0,95.0,322.0,951.0,758.0,193.0,232.0,84.0,108,919.0,-12290.0,10796.0,0.0,113.4375,15.6875,-101.4375,113.4375,15.6875,-101.4375
8259,61407,2018-04-21 18:04:49.692,1,318,302,172,0,0,0.0,95.0,322.0,951.0,758.0,193.0,232.0,84.0,108,919.0,-12290.0,10796.0,0.0,121.5625,14.0625,-103.5,121.5625,14.0625,-103.5
8260,61408,2018-04-21 18:04:49.811,1,313,302,175,0,0,0.0,95.0,322.0,951.0,758.0,193.0,232.0,84.0,108,919.0,-12290.0,10796.0,0.0,124.75,16.0,-103.25,124.75,16.0,-103.25
8261,61409,2018-04-21 18:04:49.930,1,307,299,174,0,0,0.0,95.0,322.0,951.0,758.0,193.0,232.0,84.0,108,919.0,-12290.0,10796.0,0.0,132.0625,16.5,-103.125,132.0625,16.5,-103.125
8262,61410,2018-04-21 18:04:50.049,1,301,298,174,0,0,0.0,95.0,322.0,951.0,758.0,193.0,232.0,84.0,108,919.0,-12290.0,10796.0,0.0,133.5,18.0625,-102.0625,133.5,18.0625,-102.0625
8263,61411,2018-04-21 18:04:50.166,1,294,300,173,0,0,0.0,95.0,322.0,951.0,758.0,193.0,232.0,84.0,108,919.0,-12290.0,10796.0,0.0,129.25,21.0,-100.875,129.25,21.0,-100.875
8264,61412,2018-04-21 18:04:50.285,1,277,303,173,0,0,0.0,95.0,322.0,951.0,758.0,193.0,232.0,84.0,108,919.0,-12290.0,10796.0,0.0,125.125,25.4375,-98.875,125.125,25.4375,-98.875
8265,61413,2018-04-21 18:04:50.405,1,269,305,173,0,0,0.0,95.0,322.0,951.0,758.0,193.0,232.0,84.0,108,919.0,-12290.0,10796.0,0.0,128.1875,23.125,-94.125,128.1875,23.125,-94.125
8266,61414,2018-04-21 18:04:50.522,1,258,306,174,0,0,0.0,95.0,322.0,951.0,758.0,193.0,232.0,84.0,108,919.0,-12290.0,10796.0,0.0,128.8125,23.875,-95.1875,133.0,24.5625,-101.5
8267,61415,2018-04-21 18:04:50.638,1,248,309,175,0,0,0.0,95.0,322.0,951.0,758.0,193.0,232.0,84.0,108,919.0,-12290.0,10796.0,0.0,148.375,19.625,-100.8125,148.375,19.625,-100.8125
8268,61416,2018-04-21 18:04:50.757,1,240,313,172,0,0,0.0,95.0,322.0,951.0,758.0,193.0,232.0,84.0,108,919.0,-12290.0,10796.0,0.0,159.375,16.5,-100.4375,159.375,16.5,-100.4375
8269,61417,2018-04-21 18:04:50.877,1,230,315,175,0,0,0.0,95.0,322.0,951.0,758.0,193.0,232.0,84.0,108,919.0,-12290.0,10796.0,0.0,168.75,12.9375,-103.625,168.75,12.9375,-103.625
8270,61418,2018-04-21 18:04:51.001,1,219,317,178,0,0,0.0,95.0,322.0,951.0,758.0,193.0,232.0,84.0,108,919.0,-12290.0,10796.0,0.0,177.8125,9.8125,-105.9375,177.8125,9.8125,-105.9375
8271,61419,2018-04-21 18:04:51.118,1,197,318,180,0,0,0.0,95.0,322.0,951.0,758.0,193.0,232.0,84.0,108,919.0,-12290.0,10796.0,0.0,188.0,3.25,-99.0625,188.0,3.25,-99.0625
8272,61420,2018-04-21 18:04:51.237,1,187,318,179,0,0,0.0,95.0,322.0,951.0,758.0,193.0,232.0,84.0,108,919.0,-12290.0,10796.0,0.0,189.0,-0.5,-99.3125,189.0,0.25,-98.4375
8273,61421,2018-04-21 18:04:51.355,1,177,317,178,0,0,0.0,95.0,322.0,951.0,758.0,193.0,232.0,84.0,108,919.0,-12290.0,10796.0,0.0,189.75,-0.75,-99.0,189.75,-0.75,-99.0
8274,61422,2018-04-21 18:04:51.474,1,167,316,179,0,0,0.0,95.0,322.0,951.0,758.0,193.0,232.0,84.0,108,919.0,-12290.0,10796.0,0.0,186.5,-4.0,-89.8125,186.5,-4.0,-89.8125
8275,61423,2018-04-21 18:04:51.592,1,160,313,179,0,0,0.0,95.0,322.0,951.0,758.0,193.0,232.0,84.0,108,919.0,-12290.0,10796.0,0.0,175.1875,-4.375,-87.5,175.1875,-4.375,-87.5
8276,61424,2018-04-21 18:04:51.711,1,146,317,186,0,0,0.0,95.0,322.0,951.0,758.0,193.0,232.0,84.0,108,919.0,-12290.0,10796.0,0.0,162.25,-5.5625,-81.0625,162.25,-5.5625,-81.0625
8277,61425,2018-04-21 18:04:51.829,1,142,311,181,0,0,0.0,95.0,322.0,951.0,758.0,193.0,232.0,84.0,108,919.0,-12290.0,10796.0,0.0,142.375,-6.0625,-79.8125,142.375,-6.0625,-79.8125
8278,61426,2018-04-21 18:04:51.947,1,140,306,178,0,0,0.0,95.0,322.0,951.0,758.0,193.0,232.0,84.0,108,919.0,-12290.0,10796.0,0.0,132.6875,-9.6875,-86.5625,132.6875,-9.6875,-86.5625
8279,61427,2018-04-21 18:04:52.066,1,138,300,176,0,0,0.0,95.0,322.0,951.0,758.0,193.0,232.0,84.0,108,919.0,-12290.0,10796.0,0.0,129.3125,-13.8125,-93.125,129.3125,-13.8125,-93.125
8280,61428,2018-04-21 18:04:52.185,1,140,287,175,0,0,0.0,95.0,322.0,951.0,758.0,193.0,232.0,84.0,108,919.0,-12290.0,10796.0,0.0,125.0625,-15.9375,-96.0,125.0625,-15.9375,-96.0
8281,61429,2018-04-21 18:04:52.303,1,143,280,173,0,0,0.0,95.0,322.0,951.0,758.0,193.0,232.0,84.0,108,919.0,-12290.0,10796.0,0.0,123.0625,-25.6875,-96.75,123.0625,-25.6875,-96.75
8282,61430,2018-04-21 18:04:52.422,1,147,274,173,0,0,0.0,95.0,322.0,951.0,758.0,193.0,232.0,84.0,108,919.0,-12290.0,10796.0,0.0,96.0,-10.5,-103.3125,96.0,-10.5,-103.3125
8283,61431,2018-04-21 18:04:52.540,1,151,268,173,0,0,0.0,95.0,322.0,951.0,758.0,193.0,232.0,84.0,108,919.0,-12290.0,10796.0,0.0,77.0,-1.75,-100.75,77.0,-1.75,-100.75
8284,61432,2018-04-21 18:04:52.658,1,155,264,174,0,0,0.0,95.0,322.0,951.0,758.0,193.0,232.0,84.0,108,919.0,-12290.0,10796.0,0.0,63.375,-2.5625,-94.625,63.375,-2.5625,-94.625
8285,61433,2018-04-21 18:04:52.776,1,166,254,174,0,0,0.0,95.0,322.0,951.0,758.0,193.0,232.0,84.0,108,919.0,-12290.0,10796.0,0.0,50.5625,3.0,-93.1875,50.5625,3.0,-93.1875
8286,61434,2018-04-21 18:04:52.895,1,175,250,172,0,0,0.0,95.0,322.0,951.0,758.0,193.0,232.0,84.0,108,919.0,-12290.0,10796.0,0.0,49.75,5.3125,-95.3125,50.625,6.8125,-90.9375
8287,61435,2018-04-21 18:04:53.018,1,182,246,173,0,0,0.0,95.0,322.0,951.0,758.0,193.0,232.0,84.0,108,919.0,-12290.0,10796.0,0.0,55.1875,2.5,-85.125,55.1875,2.5,-85.125
8288,61436,2018-04-21 18:04:53.135,1,190,241,174,0,0,0.0,95.0,322.0,951.0,758.0,193.0,232.0,84.0,108,919.0,-12290.0,10796.0,0.0,56.3125,1.0625,-84.0625,56.3125,1.0625,-84.0625
8289,61437,2018-04-21 18:04:53.254,1,197,236,175,0,0,0.0,95.0,322.0,951.0,758.0,193.0,232.0,84.0,108,919.0,-12290.0,10796.0,0.0,53.8125,6.4375,-85.375,53.8125,6.4375,-85.375
8290,61438,2018-04-21 18:04:53.371,1,211,228,179,0,0,0.0,95.0,322.0,951.0,758.0,193.0,232.0,84.0,108,919.0,-12290.0,10796.0,0.0,53.625,8.25,-78.75,53.625,8.25,-78.75
8291,61439,2018-04-21 18:04:53.491,1,218,223,177,0,0,0.0,95.0,322.0,951.0,758.0,193.0,232.0,84.0,108,919.0,-12290.0,10796.0,0.0,51.875,2.75,-71.0,51.875,3.75,-73.9375
8292,61440,2018-04-21 18:04:53.609,1,228,218,177,0,0,0.0,95.0,322.0,951.0,758.0,193.0,232.0,84.0,108,919.0,-12290.0,10796.0,0.0,47.75,9.8125,-83.1875,47.75,9.8125,-83.1875
8293,61441,2018-04-21 18:04:53.728,1,237,212,176,0,0,0.0,95.0,322.0,951.0,758.0,193.0,232.0,84.0,108,919.0,-12290.0,10796.0,0.0,45.8125,13.25,-89.9375,45.8125,13.25,-89.9375
8294,61442,2018-04-21 18:04:53.847,1,245,206,174,0,0,0.0,95.0,322.0,951.0,758.0,193.0,232.0,84.0,108,919.0,-12290.0,10796.0,0.0,48.1875,10.5,-89.625,48.1875,10.5,-89.625
8295,61443,2018-04-21 18:04:53.966,1,262,192,172,0,0,0.0,95.0,322.0,951.0,758.0,193.0,232.0,84.0,108,919.0,-12290.0,10796.0,0.0,43.4375,15.0,-96.4375,43.4375,15.0,-96.4375
8296,61444,2018-04-21 18:04:54.083,1,271,186,170,0,0,0.0,95.0,322.0,951.0,758.0,193.0,232.0,84.0,108,919.0,-12290.0,10796.0,0.0,41.625,19.75,-102.0625,41.625,19.75,-102.0625
8297,61445,2018-04-21 18:04:54.201,1,278,180,168,0,0,0.0,95.0,322.0,951.0,758.0,193.0,232.0,84.0,108,919.0,-12290.0,10796.0,0.0,46.5625,18.625,-98.3125,46.5625,18.625,-98.3125
8298,61446,2018-04-21 18:04:54.320,1,286,174,167,0,0,0.0,95.0,322.0,951.0,758.0,193.0,232.0,84.0,108,919.0,-12290.0,10796.0,0.0,36.4375,28.4375,-102.625,36.4375,28.4375,-102.625
8299,61447,2018-04-21 18:04:54.438,1,293,167,166,0,0,0.0,95.0,322.0,951.0,758.0,193.0,232.0,84.0,108,919.0,-12290.0,10796.0,0.0,35.3125,33.125,-108.75,35.3125,33.125,-108.75
8300,61448,2018-04-21 18:04:54.557,1,300,162,164,0,0,0.0,95.0,322.0,951.0,758.0,193.0,232.0,84.0,108,919.0,-12290.0,10796.0,0.0,46.3125,30.125,-102.375,46.3125,30.125,-102.375
8301,61449,2018-04-21 18:04:54.675,1,310,151,161,0,0,0.0,95.0,322.0,951.0,758.0,193.0,232.0,84.0,108,919.0,-12290.0,10796.0,0.0,58.8125,24.125,-102.1875,58.8125,24.125,-102.1875
8302,61450,2018-04-21 18:04:54.799,1,314,144,159,0,0,0.0,95.0,322.0,951.0,758.0,193.0,232.0,84.0,108,919.0,-12290.0,10796.0,0.0,57.75,26.9375,-107.6875,60.625,29.125,-108.75
8303,61451,2018-04-21 18:04:54.913,1,317,139,158,0,0,0.0,95.0,322.0,951.0,758.0,193.0,232.0,84.0,108,919.0,-12290.0,10796.0,0.0,70.125,26.625,-100.1875,70.125,26.625,-100.1875
8304,61452,2018-04-21 18:04:55.034,1,318,134,157,0,0,0.0,95.0,322.0,951.0,758.0,193.0,232.0,84.0,108,919.0,-12290.0,10796.0,0.0,67.8125,27.125,-101.125,67.8125,27.125,-101.125
8305,61453,2018-04-21 18:04:55.150,1,317,128,155,0,0,0.0,95.0,322.0,951.0,758.0,193.0,232.0,84.0,108,919.0,-12290.0,10796.0,0.0,63.0,32.5,-107.6875,63.0,32.5,-107.6875
8306,61454,2018-04-21 18:04:55.270,1,314,115,158,0,0,0.0,95.0,322.0,951.0,758.0,193.0,232.0,84.0,108,919.0,-12290.0,10796.0,0.0,67.5625,34.8125,-112.3125,67.5625,34.8125,-112.3125
8307,61455,2018-04-21 18:04:55.390,1,311,112,155,0,0,0.0,95.0,322.0,951.0,758.0,193.0,232.0,84.0,108,919.0,-12290.0,10796.0,0.0,80.1875,32.8125,-111.0,80.1875,32.8125,-111.0
8308,61456,2018-04-21 18:04:55.510,1,304,109,154,0,0,0.0,95.0,322.0,951.0,758.0,193.0,232.0,84.0,108,919.0,-12290.0,10796.0,0.0,109.8125,26.0,-124.875,109.8125,26.0,-124.875
8309,61457,2018-04-21 18:04:55.630,1,293,106,153,0,0,0.0,95.0,322.0,951.0,758.0,193.0,232.0,84.0,108,919.0,-12290.0,10796.0,0.0,119.25,27.875,-127.9375,119.25,27.875,-127.9375
8310,61458,2018-04-21 18:04:55.743,1,283,106,152,0,0,0.0,95.0,322.0,951.0,758.0,193.0,232.0,84.0,108,919.0,-12290.0,10796.0,0.0,134.25,25.9375,-118.25,134.25,25.9375,-118.25
8311,61459,2018-04-21 18:04:55.869,1,265,106,154,0,0,0.0,95.0,322.0,951.0,758.0,193.0,232.0,84.0,108,919.0,-12290.0,10796.0,0.0,145.375,22.9375,-118.25,145.375,22.9375,-118.25
8312,61460,2018-04-21 18:04:55.979,1,255,106,155,0,0,0.0,95.0,322.0,951.0,758.0,193.0,232.0,84.0,108,919.0,-12290.0,10796.0,0.0,153.5625,21.875,-121.3125,153.5625,21.875,-121.3125
8313,61461,2018-04-21 18:04:56.099,1,246,107,156,0,0,0.0,95.0,322.0,951.0,758.0,193.0,232.0,84.0,108,919.0,-12290.0,10796.0,0.0,173.0625,17.375,-102.875,173.0625,17.375,-102.875
8314,61462,2018-04-21 18:04:56.220,1,236,108,158,0,0,0.0,95.0,322.0,951.0,758.0,193.0,232.0,84.0,108,919.0,-12290.0,10796.0,0.0,175.625,14.5,-104.5625,175.625,14.5,-104.5625
8315,61463,2018-04-21 18:04:56.339,1,225,108,160,0,0,0.0,95.0,322.0,951.0,758.0,193.0,232.0,84.0,108,919.0,-12290.0,10796.0,0.0,176.625,16.5,-108.1875,176.625,16.5,-108.1875
8316,61464,2018-04-21 18:04:56.453,1,207,107,163,0,0,0.0,95.0,322.0,951.0,758.0,193.0,232.0,84.0,108,919.0,-12290.0,10796.0,0.0,180.4375,12.375,-96.125,180.4375,12.375,-96.125
8317,61465,2018-04-21 18:04:56.580,1,197,107,165,0,0,0.0,95.0,322.0,951.0,758.0,193.0,232.0,84.0,108,919.0,-12290.0,10796.0,0.0,179.8125,7.3125,-94.1875,179.8125,7.3125,-94.1875
8318,61466,2018-04-21 18:04:56.710,1,187,106,166,0,0,0.0,95.0,322.0,951.0,758.0,193.0,232.0,84.0,108,919.0,-12290.0,10796.0,0.0,177.625,9.25,-101.0625,176.75,10.875,-103.1875
8319,61467,2018-04-21 18:04:56.809,1,176,106,169,0,0,0.0,95.0,322.0,951.0,758.0,193.0,232.0,84.0,108,919.0,-12290.0,10796.0,0.0,178.6875,5.875,-92.0625,178.6875,5.875,-92.0625
8320,61468,2018-04-21 18:04:56.930,1,169,105,168,0,0,0.0,95.0,322.0,951.0,758.0,193.0,232.0,84.0,108,919.0,-12290.0,10796.0,0.0,176.625,2.3125,-92.25,176.625,2.3125,-92.25
8321,61469,2018-04-21 18:04:57.049,1,160,102,168,0,0,0.0,95.0,322.0,951.0,758.0,193.0,232.0,84.0,108,919.0,-12290.0,10796.0,0.0,167.6875,5.75,-97.8125,167.6875,5.75,-97.8125
8322,61470,2018-04-21 18:04:57.165,1,144,96,170,0,0,0.0,95.0,322.0,951.0,758.0,193.0,232.0,84.0,108,919.0,-12290.0,10796.0,0.0,162.875,6.5625,-94.375,162.875,6.5625,-94.375
8323,61471,2018-04-21 18:04:57.284,1,137,92,169,0,0,0.0,95.0,322.0,951.0,758.0,193.0,232.0,84.0,108,919.0,-12290.0,10796.0,0.0,159.125,3.375,-92.125,159.125,3.375,-92.125
8324,61472,2018-04-21 18:04:57.405,1,128,90,171,0,0,0.0,95.0,322.0,951.0,758.0,193.0,232.0,84.0,108,919.0,-12290.0,10796.0,0.0,154.875,1.1875,-87.1875,154.875,1.1875,-87.1875
8325,61473,2018-04-21 18:04:57.524,1,125,85,169,0,0,0.0,95.0,322.0,951.0,758.0,193.0,232.0,84.0,108,919.0,-12290.0,10796.0,0.0,157.1875,-3.75,-83.9375,157.1875,-3.75,-83.9375
8326,61474,2018-04-21 18:04:57.640,1,122,79,167,0,0,0.0,95.0,322.0,951.0,758.0,193.0,232.0,84.0,108,919.0,-12290.0,10796.0,0.0,151.625,-3.4375,-84.75,151.625,-3.4375,-84.75
8327,61475,2018-04-21 18:04:57.760,1,117,67,164,0,0,0.0,95.0,322.0,951.0,758.0,193.0,232.0,84.0,108,919.0,-12290.0,10796.0,0.0,146.0625,-4.3125,-85.5625,146.0625,-4.3125,-85.5625
8328,61476,2018-04-21 18:04:57.880,1,116,63,162,0,0,0.0,95.0,322.0,951.0,758.0,193.0,232.0,84.0,108,919.0,-12290.0,10796.0,0.0,144.4375,-10.1875,-84.9375,144.4375,-10.1875,-84.9375
8329,61477,2018-04-21 18:04:57.999,1,114,57,161,0,0,0.0,95.0,322.0,951.0,758.0,193.0,232.0,84.0,108,919.0,-12290.0,10796.0,0.0,116.8125,-2.5625,-91.3125,116.8125,-2.5625,-91.3125
8330,61478,2018-04-21 18:04:58.119,1,113,50,159,0,0,0.0,95.0,322.0,951.0,758.0,193.0,232.0,84.0,108,919.0,-12290.0,10796.0,0.0,106.8125,-0.25,-93.5625,106.8125,-0.25,-93.5625
8331,61479,2018-04-21 18:04:58.233,1,111,44,159,0,0,0.0,95.0,322.0,951.0,758.0,193.0,232.0,84.0,108,919.0,-12290.0,10796.0,0.0,103.0625,-3.375,-92.1875,103.0625,-3.375,-92.1875
8332,61480,2018-04-21 18:04:58.354,1,113,32,155,0,0,0.0,95.0,322.0,951.0,758.0,193.0,232.0,84.0,108,919.0,-12290.0,10796.0,0.0,97.4375,-1.9375,-90.125,97.4375,-1.9375,-90.125
8333,61481,2018-04-21 18:04:58.470,1,114,25,152,0,0,0.0,95.0,322.0,951.0,758.0,193.0,232.0,84.0,108,919.0,-12290.0,10796.0,0.0,98.0625,-5.0625,-88.9375,98.0625,-5.0625,-88.9375
8334,61482,2018-04-21 18:04:58.747,1,117,19,150,0,0,0.0,95.0,322.0,951.0,758.0,193.0,232.0,84.0,108,919.0,-12290.0,10796.0,0.0,98.5,-3.3125,-84.5625,98.5,-9.9375,-83.0625
8335,61483,2018-04-21 18:04:58.833,1,123,5,142,0,0,0.0,95.0,322.0,951.0,758.0,193.0,232.0,84.0,108,919.0,-12290.0,10796.0,0.0,113.875,-16.375,-97.0625,113.875,-16.375,-97.0625
8336,61484,2018-04-21 18:04:58.948,1,130,-7,133,0,0,0.0,95.0,322.0,951.0,758.0,193.0,232.0,84.0,108,919.0,-12290.0,10796.0,0.0,112.875,-20.3125,-100.25,112.875,-20.3125,-100.25
8337,61485,2018-04-21 18:04:59.070,1,133,-15,128,0,0,0.0,95.0,322.0,951.0,758.0,193.0,232.0,84.0,108,919.0,-12290.0,10796.0,0.0,98.625,-17.375,-103.6875,83.4375,-15.125,-110.5625
8338,61486,2018-04-21 18:04:59.187,1,136,-23,123,0,0,0.0,95.0,322.0,951.0,758.0,193.0,232.0,84.0,108,919.0,-12290.0,10796.0,0.0,59.3125,-1.6875,-121.5,59.3125,-1.6875,-121.5
8339,61487,2018-04-21 18:04:59.306,1,140,-29,118,0,0,0.0,95.0,322.0,951.0,758.0,193.0,232.0,84.0,108,919.0,-12290.0,10796.0,0.0,40.75,4.5,-125.0625,40.75,4.5,-125.0625
8340,61488,2018-04-21 18:04:59.427,1,148,-40,108,0,0,0.0,95.0,322.0,951.0,758.0,193.0,232.0,84.0,108,919.0,-12290.0,10796.0,0.0,24.0,9.625,-122.875,24.0,9.625,-122.875
8341,61489,2018-04-21 18:04:59.548,1,151,-45,102,0,0,0.0,95.0,322.0,951.0,758.0,193.0,232.0,84.0,108,919.0,-12290.0,10796.0,0.0,16.375,14.3125,-120.4375,10.1875,18.125,-121.9375
8342,61490,2018-04-21 18:04:59.667,1,154,-51,96,0,0,0.0,95.0,322.0,951.0,758.0,193.0,232.0,84.0,108,919.0,-12290.0,10796.0,0.0,5.125,21.1875,-126.9375,5.125,21.1875,-126.9375
8343,61491,2018-04-21 18:04:59.787,1,156,-57,90,0,0,0.0,95.0,322.0,951.0,758.0,193.0,232.0,84.0,108,919.0,-12290.0,10796.0,0.0,10.1875,19.125,-129.5625,10.1875,19.125,-129.5625
8344,61492,2018-04-21 18:04:59.907,1,161,-65,77,0,0,0.0,95.0,322.0,951.0,758.0,193.0,232.0,84.0,108,919.0,-12290.0,10796.0,0.0,11.9375,18.125,-128.0625,11.9375,18.125,-128.0625
8345,61493,2018-04-21 18:05:00.028,1,165,-69,72,0,0,0.0,95.0,322.0,951.0,758.0,193.0,232.0,84.0,108,919.0,-12290.0,10796.0,0.0,353.1875,24.25,-132.5,353.1875,24.25,-132.5
8346,61494,2018-04-21 18:05:00.147,1,169,-71,67,0,0,0.0,95.0,322.0,951.0,758.0,193.0,232.0,84.0,108,919.0,-12290.0,10796.0,0.0,349.25,24.375,-137.6875,349.25,24.375,-137.6875
8347,61495,2018-04-21 18:05:00.268,1,178,-75,56,0,0,0.0,95.0,322.0,951.0,758.0,193.0,232.0,84.0,108,919.0,-12290.0,10796.0,0.0,347.6875,24.75,-137.5625,347.6875,24.75,-137.5625
8348,61496,2018-04-21 18:05:00.390,1,181,-76,53,0,0,0.0,95.0,322.0,951.0,758.0,193.0,232.0,84.0,108,919.0,-12290.0,10796.0,0.0,345.625,26.4375,-135.9375,345.0625,28.75,-135.25
8349,61497,2018-04-21 18:05:00.512,1,185,-77,52,0,0,0.0,95.0,322.0,951.0,758.0,193.0,232.0,84.0,108,919.0,-12290.0,10796.0,0.0,343.5,31.4375,-136.5,343.5,31.4375,-136.5
8350,61498,2018-04-21 18:05:00.627,1,190,-79,51,0,0,0.0,95.0,322.0,951.0,758.0,193.0,232.0,84.0,108,919.0,-12290.0,10796.0,0.0,342.4375,32.125,-136.3125,342.4375,32.125,-136.3125
8351,61499,2018-04-21 18:05:00.747,1,200,-81,51,0,0,0.0,95.0,322.0,951.0,758.0,193.0,232.0,84.0,108,919.0,-12290.0,10796.0,0.0,347.25,29.75,-135.1875,347.25,29.75,-135.1875
8352,61500,2018-04-21 18:05:00.868,1,204,-82,52,0,0,0.0,95.0,322.0,951.0,758.0,193.0,232.0,84.0,108,919.0,-12290.0,10796.0,0.0,347.5625,27.625,-132.5,347.5625,30.9375,-131.4375
8353,61501,2018-04-21 18:05:00.986,1,213,-90,78,0,0,0.0,95.0,322.0,951.0,758.0,193.0,232.0,84.0,108,919.0,-12290.0,10796.0,0.0,331.3125,37.75,-134.75,331.3125,37.75,-134.75
8354,61502,2018-04-21 18:05:01.105,1,216,-93,51,0,0,0.0,95.0,322.0,951.0,758.0,193.0,232.0,84.0,108,919.0,-12290.0,10796.0,0.0,320.3125,41.3125,-136.6875,320.3125,41.3125,-136.6875
8355,61503,2018-04-21 18:05:01.226,1,228,-99,49,0,0,0.0,95.0,322.0,951.0,758.0,193.0,232.0,84.0,108,919.0,-12290.0,10796.0,0.0,325.4375,38.375,-134.9375,325.4375,38.375,-134.9375
8356,61504,2018-04-21 18:05:01.347,1,233,-101,46,0,0,0.0,95.0,322.0,951.0,758.0,193.0,232.0,84.0,108,919.0,-12290.0,10796.0,0.0,333.5625,35.1875,-127.9375,334.5,34.375,-124.4375
8357,61505,2018-04-21 18:05:01.472,1,238,-103,45,0,0,0.0,95.0,322.0,951.0,758.0,193.0,232.0,84.0,108,919.0,-12290.0,10796.0,0.0,334.6875,35.4375,-125.5,334.6875,35.4375,-125.5
8358,61506,2018-04-21 18:05:01.587,1,251,-109,42,0,0,0.0,95.0,322.0,951.0,758.0,193.0,232.0,84.0,108,919.0,-12290.0,10796.0,0.0,339.5,33.625,-123.9375,339.5,33.625,-123.9375
8359,61507,2018-04-21 18:05:01.706,1,250,-112,42,0,0,0.0,95.0,322.0,951.0,758.0,193.0,232.0,84.0,108,919.0,-12290.0,10796.0,0.0,336.125,32.8125,-120.4375,336.125,32.8125,-120.4375
8360,61508,2018-04-21 18:05:01.824,1,258,-112,44,0,0,0.0,95.0,322.0,951.0,758.0,193.0,232.0,84.0,108,919.0,-12290.0,10796.0,0.0,338.0,30.5,-115.0,338.0,30.5,-115.0
8361,61509,2018-04-21 18:05:01.945,1,277,-102,60,0,0,0.0,95.0,322.0,951.0,758.0,193.0,232.0,84.0,108,919.0,-12290.0,10796.0,0.0,330.25,32.9375,-107.4375,330.25,32.9375,-107.4375
8362,61510,2018-04-21 18:05:02.064,1,279,-103,7,0,0,0.0,95.0,322.0,951.0,758.0,193.0,232.0,84.0,108,919.0,-12290.0,10796.0,0.0,302.9375,41.8125,-102.8125,302.9375,41.8125,-102.8125
8363,61511,2018-04-21 18:05:02.182,1,292,-112,60,0,0,0.0,95.0,322.0,951.0,758.0,193.0,232.0,84.0,108,919.0,-12290.0,10796.0,0.0,289.75,44.0625,-103.9375,289.75,44.0625,-103.9375
8364,61512,2018-04-21 18:05:02.305,1,312,-108,44,0,0,0.0,95.0,322.0,951.0,758.0,193.0,232.0,84.0,108,919.0,-12290.0,10796.0,0.0,289.25,40.3125,-98.3125,289.25,33.6875,-89.125
8365,61513,2018-04-21 18:05:02.424,1,330,-104,41,0,0,0.0,95.0,322.0,951.0,758.0,193.0,232.0,84.0,108,919.0,-12290.0,10796.0,0.0,287.625,31.625,-84.375,287.625,31.625,-84.375
8366,61514,2018-04-21 18:05:02.544,1,329,-103,59,0,0,0.0,95.0,322.0,951.0,758.0,193.0,232.0,84.0,108,919.0,-12290.0,10796.0,0.0,284.625,33.25,-85.5,284.625,33.25,-85.5
8367,61515,2018-04-21 18:05:02.665,1,338,-108,34,0,0,0.0,95.0,322.0,951.0,758.0,193.0,232.0,84.0,108,919.0,-12290.0,10796.0,0.0,276.25,38.8125,-90.6875,276.25,38.8125,-90.6875
8368,61516,2018-04-21 18:05:02.784,1,348,-108,32,0,0,0.0,95.0,322.0,951.0,758.0,193.0,232.0,84.0,108,919.0,-12290.0,10796.0,0.0,276.25,36.8125,-95.1875,276.25,36.8125,-95.1875
8369,61517,2018-04-21 18:05:02.903,1,360,-103,48,0,0,0.0,95.0,322.0,951.0,758.0,193.0,232.0,84.0,108,919.0,-12290.0,10796.0,0.0,279.125,33.5,-92.8125,279.125,33.5,-92.8125
8370,61518,2018-04-21 18:05:03.024,1,377,-99,56,0,0,0.0,95.0,322.0,951.0,758.0,193.0,232.0,84.0,108,919.0,-12290.0,10796.0,0.0,278.5,32.0625,-86.25,278.5,32.0625,-86.25
8371,61519,2018-04-21 18:05:03.143,1,387,-89,22,0,0,0.0,95.0,322.0,951.0,758.0,193.0,232.0,84.0,108,919.0,-12290.0,10796.0,0.0,263.125,41.4375,-82.75,263.125,41.4375,-82.75
8372,61520,2018-04-21 18:05:03.262,1,384,-83,34,0,0,0.0,95.0,322.0,951.0,758.0,193.0,232.0,84.0,108,919.0,-12290.0,10796.0,0.0,259.4375,43.75,-86.375,259.4375,43.75,-86.375
8373,61521,2018-04-21 18:05:03.383,1,383,-88,35,0,0,0.0,95.0,322.0,951.0,758.0,193.0,232.0,84.0,108,919.0,-12290.0,10796.0,0.0,263.8125,41.4375,-85.9375,263.8125,41.4375,-85.9375
8374,61522,2018-04-21 18:05:03.499,1,386,-80,32,0,0,0.0,95.0,322.0,951.0,758.0,193.0,232.0,84.0,108,919.0,-12290.0,10796.0,0.0,263.5,41.625,-83.375,263.5,41.625,-83.375
